"Question","Compare Result","Comment"
"Which is the art type of Lodgings for the Night?","null","Incorrect DRS Interpretation"
"Which is the art type of Color Needles?","true","ok"
"Which is the art type of Man in a Blue Suit?","null","Incorrect DRS Interpretation"
"Which is the art type of Escaped Bull?","true","ok"
"Which is the art type of Child on Sofa?","null","Incorrect DRS Interpretation"
"Which is the art type of Grandma's Girl?","null","Incorrect Stanza Interpretation"
"Which is the art type of Rocky Mesa?","true","ok"
"Which is the art type of A Scouting Party?","true","ok"
"Which is the art type of Fenced Yard, Wellsville, Ohio?","null","Incorrect DRS Interpretation"
"Which is the art type of Goat and Cottage?","null","Incorrect DRS Interpretation"
"Which is the art type of The Flower?","false","Incorrect Query Ontology Representation"
"Which is the art type of Canada, U.S.A., Mexico?","null","Incorrect Stanza Interpretation"
"Which is the art type of Graduation, New York?","null","Incorrect DRS Interpretation"
"Which is the art type of Light Blue Nursery?","false","Incorrect Query Ontology Representation"
"Which is the art type of Boy in a Landscape?","null","Incorrect DRS Interpretation"
"Which is the art type of After the Bath?","null","Incorrect Stanza Interpretation"
"Which is the art type of Month of Nights?","null","Incorrect DRS Interpretation"
"Which is the art type of Irises?","false","Incorrect Query Ontology Representation"
"Which is the art type of Salt Water Ponds?","null","Incorrect Stanza Interpretation"
"Which is the art type of Road through the Labyrinth?","null","Incorrect DRS Interpretation"
"Which is the art type of Indian Boy and Pony?","null","Incorrect DRS Interpretation"
"Which is the art type of Bunraku?","true","ok"
"Which is the art type of Trampas Penitentes?","true","ok"
"Which is the art type of Confused Paradi(c)e?","null","Incorrect DRS Interpretation"
"Which is the art type of A Reading?","false","Incorrect Query Ontology Representation"
"Which is the art type of Footbridge?","true","ok"
"Which is the art type of Tide Rip?","false","Incorrect Query Ontology Representation"
"Which is the art type of Beulah Appleton?","true","ok"
"Which is the art type of Royal Oak?","true","ok"
"Which is the art type of Cement Mixer?","false","Incorrect Query Ontology Representation"
"Which is the art type of O'Hara Reading?","true","ok"
"Which is the art type of Algerita Family?","true","ok"
"Which is the art type of Undaunted (Torso)?","null","Incorrect DRS Interpretation"
"Which is the art type of THE FREEDOM STOMPERS?","false","Incorrect Query Ontology Representation"
"Which is the art type of A Note in Pattern?","null","Incorrect DRS Interpretation"
"Which is the art type of Modern Steel Carving?","null","Incorrect Stanza Interpretation"
"Which is the art type of Magnolia Grandiflora?","true","ok"
"Which is the art type of Arizona Landscape?","true","ok"
"Which is the art type of Sunflower?","true","ok"
"Which is the art type of Castle Oberlahnstein, Rhine?","true","ok"
"Which is the art type of Lucy Findley?","true","ok"
"Which is the art type of Seven Chimneys?","true","ok"
"Which is the art type of The Good Luck Branch?","false","Incorrect Query Ontology Representation"
"Which is the art type of Mountain Lake?","true","ok"
"Which is the art type of Buy a Poppy?","false","Incorrect Query Ontology Representation"
"Which is the art type of Family Doctor?","false","Incorrect Query Ontology Representation"
"Which is the art type of Sheepyard, Moonlight?","true","ok"
"Which is the art type of Death of Clytaemnestra?","null","Incorrect DRS Interpretation"
"Which is the art type of Snowy Vistas?","true","ok"
"Which is the art type of Robert Oliphant?","true","ok"
"Which is the art type of Study for Relief?","null","Incorrect DRS Interpretation"
"Which is the art type of Rubus articus?","false","Incorrect Query Ontology Representation"
"Which is the art type of Andrew John?","true","ok"
"Which is the art type of Cherry Blossoms?","true","ok"
"Which is the art type of Still Life with Dogwood?","null","Incorrect DRS Interpretation"
"Which is the art type of Stanislaus?","true","ok"
"Which is the art type of Rendezvous?","true","ok"
"Which is the art type of Wall of Light Blue?","null","Incorrect Stanza Interpretation"
"Which is the art type of Dockyard?","true","ok"
"Which is the art type of Standing Articulated Figure?","true","ok"
"Which is the art type of Heating Stove?","true","ok"
"Which is the art type of Capitolio?","true","ok"
"Which is the art type of Alexandra Beller, New York?","null","Incorrect DRS Interpretation"
"Which is the art type of Twilight after the Rain?","null","Incorrect DRS Interpretation"
"Which is the art type of Sprinter?","false","Incorrect Query Ontology Representation"
"Which is the art type of Children's Tapes?","null","Incorrect Stanza Interpretation"
"Which is the art type of Rhinebeck, NY?","true","ok"
"Which is the art type of Ponte Megio, Venice?","true","ok"
"Which is the art type of Filling Station?","true","ok"
"Which is the art type of The Wealth of Autumn?","null","Incorrect DRS Interpretation"
"Which is the art type of Lauhala?","true","ok"
"Which is the art type of From the Balcony?","null","Incorrect Stanza Interpretation"
"Which is the art type of Thomas Hopkinson?","true","ok"
"Which is the art type of Thomas Davis?","true","ok"
"Which is the art type of General George Rogers Clark?","true","ok"
"Which is the art type of A Garden Path?","true","ok"
"Which is the art type of Teatro Jurutungo?","true","ok"
"Which is the art type of Cadet Chapel, West Point?","null","Incorrect DRS Interpretation"
"Which is the art type of Theatre?","false","Incorrect Query Ontology Representation"
"Which is the art type of The Church of Daphni, Greece?","null","Incorrect DRS Interpretation"
"Which is the art type of Ragpicker's Shop, Florence?","null","Incorrect Stanza Interpretation"
"Which is the art type of Winter Bluebirds?","true","ok"
"Which is the art type of William Thaw?","true","ok"
"Which is the art type of Shepherdess?","true","ok"
"Which is the art type of Golf?","false","Incorrect Query Ontology Representation"
"Which is the art type of Theodoric's Tomb, Ravenna?","null","Incorrect Stanza Interpretation"
"Which is the art type of Christmas in Paris?","null","Incorrect DRS Interpretation"
"Which is the art type of Bread Line, New York?","null","Incorrect DRS Interpretation"
"Which is the art type of Largo (Sierra Nevada)?","null","Incorrect DRS Interpretation"
"Which is the art type of Paletas?","true","ok"
"Which is the art type of Old Florence?","true","ok"
"Which is the art type of Startled Mallard?","true","ok"
"Which is the art type of Mounette?","true","ok"
"Which is the art type of Smithsonian Castle?","true","ok"
"Which is the art type of Floating Back Rocker?","true","ok"
"Which is the art type of Arranging the Tulips?","false","Incorrect Query Ontology Representation"
"Which is the art type of Sawyers?","true","ok"
"Which is the art type of Open Construction-A?","false","Incorrect Query Ontology Representation"
"Which is the art type of Boar Hunt?","true","ok"
"Which is the art type of Entrance to Bazaar?","null","Incorrect DRS Interpretation"
"Which is the art type of Revolutionary Days?","true","ok"
"Which is the art type of A Hunger Fantasy?","true","ok"
"Which is the art type of Cour du Dragon, Paris?","null","Incorrect Stanza Interpretation"
"Which is the art type of The Corner Butcher?","true","ok"
"Which is the art type of The Presses?","true","ok"
"Which is the art type of William Thornton?","true","ok"
"Which is the art type of Captain Charles McKnight?","true","ok"
"Which is the art type of Women Gathering Yucca Plants?","null","Incorrect Stanza Interpretation"
"Which is the art type of Buffalo, Gulf of Nicomedia?","null","Incorrect DRS Interpretation"
"Which is the art type of African Head Carving?","false","Incorrect Query Ontology Representation"
"Which is the art type of St. Severin, Paris?","true","ok"
"Which is the art type of Maricopa Indian, Arizona?","true","ok"
"Which is the art type of Yucca (Yucca baileyi)?","null","Incorrect DRS Interpretation"
"Which is the art type of Monekana?","true","ok"
"Which is the art type of Sunday Dieterman?","true","ok"
"Which is the art type of Amsterdam Avenue, New York?","null","Incorrect DRS Interpretation"
"Which is the art type of Boats on the Sea?","null","Incorrect DRS Interpretation"
"Which is the art type of In Flight?","null","Incorrect Stanza Interpretation"
"Which is the art type of Benjamin A. Javits?","true","ok"
"Which is the art type of Fragment of a Cloud?","null","Incorrect DRS Interpretation"
"Which is the art type of Container Cover?","false","Incorrect Query Ontology Representation"
"Which is the art type of Church on a Hill?","null","Incorrect DRS Interpretation"
"Which is the art type of The Slave Ship?","false","Incorrect Query Ontology Representation"
"Which is the art type of Veronica's Veil?","null","Incorrect Stanza Interpretation"
"Which is the art type of Remains of Lock, Millville?","null","Incorrect DRS Interpretation"
"Which is the art type of The Postern, Moret?","true","ok"
"Which is the art type of Railroad Sleeping?","false","Incorrect Query Ontology Representation"
"Which is the art type of Bandits Cave?","false","Incorrect Query Ontology Representation"
"Which is the art type of The Poultryman?","true","ok"
"Which is the art type of Monkey and Lizard?","null","Incorrect DRS Interpretation"
"Which is the art type of Louis Siebert?","true","ok"
"Which is the art type of French Fan (pastoral scene)?","null","Incorrect DRS Interpretation"
"Which is the art type of Vagabonds?","true","ok"
"Which is the art type of Landscape and Figures?","null","Incorrect DRS Interpretation"
"Which is the art type of The Three Chickens?","true","ok"
"Which is the art type of Cat on a Chair?","null","Incorrect DRS Interpretation"
"Which is the art type of The Black Flag?","true","ok"
"Which is the art type of Burden Landscape?","true","ok"
"Which is the art type of Autumn Still Life?","null","Incorrect Stanza Interpretation"
"Which is the art type of Mrs. Charles Boynton Darling?","true","ok"
"Which is the art type of Church and Lake?","null","Incorrect DRS Interpretation"
"Which is the art type of Ancient Warrior?","true","ok"
"Which is the art type of Sophi, an Armenian of Brusa?","null","Incorrect DRS Interpretation"
"Which is the art type of Boudoir, Chateau de Chaalis?","true","ok"
"Which is the art type of Scarecrow?","true","ok"
"Which is the art type of Oued el Harden?","null","Incorrect Stanza Interpretation"
"Which is the art type of Sunside Stock & Poultry Farm?","null","Incorrect Stanza Interpretation"
"Which is the art type of High Cost of Living?","null","Incorrect DRS Interpretation"
"Which is the art type of Christmas Greeting Card?","true","ok"
"Which is the art type of King Penguin?","true","ok"
"Which is the art type of The Lake of Bolsena, Italy?","null","Incorrect DRS Interpretation"
"Which is the art type of Bel Echo Gruyere?","null","Incorrect Stanza Interpretation"
"Which is the art type of Skating?","true","ok"
"Which is the art type of Teyolia?","true","ok"
"Which is the art type of Ashes in the Wind?","null","Incorrect DRS Interpretation"
"Which is the art type of Indianapolis?","true","ok"
"Which is the art type of Along the Riva?","null","Incorrect Stanza Interpretation"
"Which is the art type of Mosquito Lamp?","true","ok"
"Which is the art type of Buckeye?","true","ok"
"Which is the art type of Circus Workers?","true","ok"
"Which is the art type of The Station?","true","ok"
"Which is the art type of William Wetmore Bookplate?","true","ok"
"Which is the art type of Fisher Children?","true","ok"
"Which is the art type of Colonel Sanders?","true","ok"
"Which is the art type of North-Easter?","null","Incorrect Stanza Interpretation"
"Which is the art type of Subway Bootblack?","true","ok"
"Which is the art type of Butcher Jim, Ute?","true","ok"
"Which is the art type of Arenaria formosa?","false","Incorrect Query Ontology Representation"
"Which is the art type of In the Box (Horizontal)?","null","Incorrect Stanza Interpretation"
"Which is the art type of The Valley?","true","ok"
"Which is the art type of Jazz - the New Possession?","null","Incorrect Stanza Interpretation"
"Which is the art type of Wild Flowers?","true","ok"
"Which is the art type of Every Knee Must Bend?","true","ok"
"Which is the art type of The Lobster Fisherman?","true","ok"
"Which is the art type of Laon Cathedral, France?","true","ok"
"Which is the art type of The Phantom?","true","ok"
"Which is the art type of Snowballs?","false","Incorrect Query Ontology Representation"
"Which is the art type of Song of the Torturer?","null","Incorrect DRS Interpretation"
"Which is the art type of Blackburn?","true","ok"
"Which is the art type of Medic Medic?","false","Incorrect Query Ontology Representation"
"Which is the art type of Off to the Fields?","null","Incorrect DRS Interpretation"
"Which is the art type of Corner of Fortress?","null","Incorrect DRS Interpretation"
"Which is the art type of Winterberries?","false","Incorrect Query Ontology Representation"
"Which is the art type of Aphrodite, reverse?","true","ok"
"Which is the art type of Off York Island, Maine?","null","Incorrect Stanza Interpretation"
"Which is the art type of Rockbound Coast, Cape Ann?","true","ok"
"Which is the art type of El Veinte de Mayo?","null","Incorrect Stanza Interpretation"
"Which is the art type of Anne Hume Shippen?","true","ok"
"Which is the art type of Desert Pass?","true","ok"
"Which is the art type of Dream Woman?","false","Incorrect Query Ontology Representation"
"Which is the art type of Pigeon Paperweights?","false","Incorrect Query Ontology Representation"
"Which is the art type of Charleston, S.C.?","true","ok"
"Which is the art type of A Flowered Gown?","true","ok"
"Which is the art type of Rolled-Edge Bowl?","null","Incorrect Stanza Interpretation"
"Which is the art type of Bike Race?","false","Incorrect Query Ontology Representation"
"Which is the art type of Vaatedal, Jolster, Norway?","null","Incorrect DRS Interpretation"
"Which is the art type of Louise Hellstrom?","true","ok"
"Which is the art type of St. Francis?","true","ok"
"Which is the art type of Our Roses?","null","Incorrect DRS Interpretation"
"Which is the art type of Ideas?","false","Incorrect Query Ontology Representation"
"Which is the art type of Faced Faces?","false","Incorrect Query Ontology Representation"
"Which is the art type of Chief Black-Coyote?","false","Incorrect Query Ontology Representation"
"Which is the art type of Santa Elena Canyon, Big Bend?","null","Incorrect Stanza Interpretation"
"Which is the art type of The Rough Camp?","true","ok"
"Which is the art type of Shibuichi Bands Fish Set?","null","Incorrect Stanza Interpretation"
"Which is the art type of Jar with Four Handles?","null","Incorrect DRS Interpretation"
"Which is the art type of Commanche Warrior?","true","ok"
"Which is the art type of Bill and Boob McNutt?","null","Incorrect DRS Interpretation"
"Which is the art type of Eureka?","true","ok"
"Which is the art type of Nude, Head Thrown Back?","null","ok"
"Which is the art type of Crystal City?","true","ok"
"Which is the art type of Hudson Bridge?","true","ok"
"Which is the art type of New Ground?","true","ok"
"Which is the art type of Barn at North Fork?","null","Incorrect DRS Interpretation"
"Which is the art type of Christ Walking on the Water?","null","Incorrect DRS Interpretation"
"Which is the art type of Bartholomeo Bongo?","true","ok"
"Which is the art type of Mount Chocorua?","true","ok"
"Which is the art type of Evening on the Maas?","null","Incorrect DRS Interpretation"
"Which is the art type of Zurich?","true","ok"
"Which is the art type of Buick Housecar?","true","ok"
"Which is the art type of Dox Trash?","false","Incorrect Query Ontology Representation"
"Which is the art type of Black and White Tipped Flower?","null","Incorrect Stanza Interpretation"
"Which is the art type of Country Kitchen?","true","ok"
"Which is the art type of The Kitchen?","true","ok"
"Which is the art type of The Edge of the Forest?","null","Incorrect DRS Interpretation"
"Which is the art type of The Race?","false","Incorrect Query Ontology Representation"
"Which is the art type of Lions in a London Square?","null","Incorrect DRS Interpretation"
"Which is the art type of The Young Sabot Maker?","true","ok"
"Which is the art type of The Court Room Scene?","false","Incorrect Query Ontology Representation"
"Which is the art type of Pont du Gard, France?","null","Incorrect Stanza Interpretation"
"Which is the art type of Glove and Shoe, New York?","null","Incorrect DRS Interpretation"
"Which is the art type of Pig Market, Mexico?","true","ok"
"Which is the art type of French Money?","false","Incorrect Query Ontology Representation"
"Which is the art type of Confidences?","false","Incorrect Query Ontology Representation"
"Which is the art type of R.M. Copeland?","true","ok"
"Which is the art type of Self-Portrait with Hat?","null","Incorrect Stanza Interpretation"
"Which is the art type of Nora Holt?","true","ok"
"Which is the art type of Money?","false","Incorrect Query Ontology Representation"
"Which is the art type of Pegasus Departing?","null","ok"
"Which is the art type of Ed. Hubbard, American South?","null","Incorrect DRS Interpretation"
"Which is the art type of Hedges?","true","ok"
"Which is the art type of Prairie Chicken?","false","Incorrect Query Ontology Representation"
"Which is the art type of James Viscount Bryce?","null","Incorrect Stanza Interpretation"
"Which is the art type of R. D. Shepherd as Shylock?","null","Incorrect DRS Interpretation"
"Which is the art type of The Strange One, Times Square?","null","Incorrect DRS Interpretation"
"Which is the art type of Shacks?","true","ok"
"Which is the art type of Heieracium gracile?","false","Incorrect Query Ontology Representation"
"Which is the art type of Natural Bridge?","true","ok"
"Which is the art type of Mariner's Fancy, Celebra?","null","Incorrect Stanza Interpretation"
"Which is the art type of Karnak, Vue Prise du Sud?","null","Incorrect DRS Interpretation"
"Which is the art type of Lying in Wait?","null","Incorrect Stanza Interpretation"
"Which is the art type of A Tree Study?","true","ok"
"Which is the art type of A New England Scene?","true","ok"
"Which is the art type of Rusty and Corrosion?","null","Incorrect DRS Interpretation"
"Which is the art type of William Corbett's School?","null","Incorrect Stanza Interpretation"
"Which is the art type of From the Sea?","null","Incorrect Stanza Interpretation"
"Which is the art type of Onas on the March?","null","Incorrect DRS Interpretation"
"Which is the art type of Dolls House?","true","ok"
"Which is the art type of Collecting with Rudi?","true","ok"
"Which is the art type of Rock Garden I?","true","ok"
"Which is the art type of The Hunt (Punch Bowl)?","null","Incorrect DRS Interpretation"
"Which is the art type of Baseball Bat?","false","Incorrect Query Ontology Representation"
"Which is the art type of Black Lotus?","true","ok"
"Which is the art type of Amor Omnia Vincit?","null","Incorrect Stanza Interpretation"
"Which is the art type of Portrait of Miss Hoe?","null","Incorrect DRS Interpretation"
"Which is the art type of In Sleep?","null","Incorrect Stanza Interpretation"
"Which is the art type of Woman in Calico?","null","Incorrect DRS Interpretation"
"Which is the art type of First Gold Box?","false","Incorrect Query Ontology Representation"
"Which is the art type of Stable at Cuenca?","null","Incorrect DRS Interpretation"
"Which is the art type of Faith?","true","ok"
"Which is the art type of Fisherman's Lunch?","null","Incorrect Stanza Interpretation"
"Which is the art type of Figures?","false","Incorrect Query Ontology Representation"
"Which is the art type of Father and Son?","null","Incorrect DRS Interpretation"
"Which is the art type of Bruce's House?","null","Incorrect Stanza Interpretation"
"Which is the art type of The Desert?","true","ok"
"Which is the art type of Windmill, Zwyndrecht?","true","ok"
"Which is the art type of Dawnscape?","true","ok"
"Which is the art type of German Lady?","true","ok"
"Which is the art type of Renwick Gate?","true","ok"
"Which is the art type of Lake Providence Grocery?","null","Incorrect Stanza Interpretation"
"Which is the art type of Mrs. James Morris?","true","ok"
"Which is the art type of Stepping into Shoes?","false","Incorrect Query Ontology Representation"
"Which is the art type of Straw Flowers?","true","ok"
"Which is the art type of Merry Xmas, W and M Zorach?","null","Incorrect DRS Interpretation"
"Which is the art type of George Partridge Richardson?","true","ok"
"Which is the art type of Student Leaders, Crystal City?","null","Incorrect DRS Interpretation"
"Which is the art type of Down to the Sea Again?","null","Incorrect Stanza Interpretation"
"Which is the art type of Rectangular Plate?","false","Incorrect Query Ontology Representation"
"Which is the art type of Miniature Ship?","false","Incorrect Query Ontology Representation"
"Which is the art type of Manhattan Nocturne?","true","ok"
"Which is the art type of Young Man in Red Sweater?","null","Incorrect DRS Interpretation"
"Which is the art type of Innocent Age?","true","ok"
"Which is the art type of The Barkentine?","true","ok"
"Which is the art type of Landline Grey?","true","ok"
"Which is the art type of Ikarus?","true","ok"
"Which is the art type of The Committee?","false","Incorrect Query Ontology Representation"
"Which is the art type of Robert Broome?","true","ok"
"Which is the art type of Tongue River Cliffs (In Camp)?","null","Incorrect DRS Interpretation"
"Which is the art type of [Boy and Dog]?","null","Incorrect DRS Interpretation"
"Which is the art type of Micaceous Pot?","false","Incorrect Query Ontology Representation"
"Which is the art type of Dayton's Poster?","null","Incorrect Stanza Interpretation"
"Which is the art type of Cradle?","true","ok"
"Which is the art type of Freeway?","true","ok"
"Which is the art type of A Friend's Gift?","null","Incorrect DRS Interpretation"
"Which is the art type of Kate Deering Ridgely?","true","ok"
"Which is the art type of Frozen Harbor?","true","ok"
"Which is the art type of Bullet and Apple?","null","Incorrect DRS Interpretation"
"Which is the art type of Upland Pasture?","true","ok"
"Which is the art type of Young Girl in Purple?","null","Incorrect DRS Interpretation"
"Which is the art type of Rabbi Stephen Wise?","true","ok"
"Which is the art type of Tepidarium?","true","ok"
"Which is the art type of A Night Out with Friends?","null","Incorrect Stanza Interpretation"
"Which is the art type of Still Life with Fan and Roses?","null","Incorrect DRS Interpretation"
"Which is the art type of Supremacy?","true","ok"
"Which is the art type of Cat in bamboo, Hiroshima?","null","Incorrect DRS Interpretation"
"Which is the art type of Grandpa's Barn?","null","Incorrect Stanza Interpretation"
"Which is the art type of Ancient Seaport?","true","ok"
"Which is the art type of Over the Harbor, Centerport?","null","Incorrect Stanza Interpretation"
"Which is the art type of Smoking the Shield?","false","Incorrect Query Ontology Representation"
"Which is the art type of Battle Hymn of the Republic?","null","Incorrect DRS Interpretation"
"Which is the art type of Charles Frederick Vogel?","true","ok"
"Which is the art type of Southern Monument on Column?","null","Incorrect DRS Interpretation"
"Which is the art type of Forest Interior with Stream?","null","Incorrect DRS Interpretation"
"Which is the art type of The Waltz?","true","ok"
"Which is the art type of Two Bottles?","false","Incorrect Query Ontology Representation"
"Which is the art type of Zuni Man?","false","Incorrect Query Ontology Representation"
"Which is the art type of Wyatt Eaton?","true","ok"
"Which is the art type of Crush?","false","Incorrect Query Ontology Representation"
"Which is the art type of Die vier Jahreszeiten?","true","ok"
"Which is the art type of Decoy Gang War Victim?","null","Incorrect Stanza Interpretation"
"Which is the art type of Shop Sign: Shoe, New York?","null","Incorrect DRS Interpretation"
"Which is the art type of Flood Victims?","false","Incorrect Query Ontology Representation"
"Which is the art type of Model for Hodgkins Medal?","null","Incorrect DRS Interpretation"
"Which is the art type of They Like to Dance?","null","Incorrect Stanza Interpretation"
"Which is the art type of Little Peasant Girl?","false","Incorrect Query Ontology Representation"
"Which is the art type of Temple at Thebes, Egypt?","null","Incorrect DRS Interpretation"
"Which is the art type of White Cylinder?","true","ok"
"Which is the art type of Jeune Faune?","true","ok"
"Which is the art type of Passing Song?","true","ok"
"Which is the art type of Nude, Dog, Clouds?","null","Incorrect DRS Interpretation"
"Which is the art type of The Purple Dress?","true","ok"
"Which is the art type of Malibu Landscape?","true","ok"
"Which is the art type of Adoration?","false","Incorrect Query Ontology Representation"
"Which is the art type of Decay?","true","ok"
"Which is the art type of Spanish Senorita?","true","ok"
"Which is the art type of Heidi?","true","ok"
"Which is the art type of SPIN (orange)?","true","ok"
"Which is the art type of Post Setter?","false","Incorrect Query Ontology Representation"
"Which is the art type of Sulphur Mt., Yellowstone?","true","ok"
"Which is the art type of Ponte?","true","ok"
"Which is the art type of Living Inside?","null","Incorrect Stanza Interpretation"
"Which is the art type of Kermit?","true","ok"
"Which is the art type of Taos Plaza?","false","Incorrect Query Ontology Representation"
"Which is the art type of King's Folly?","null","Incorrect Stanza Interpretation"
"Which is the art type of We Shall Overcome?","null","Incorrect Stanza Interpretation"
"Which is the art type of Viola palustris?","false","Incorrect Query Ontology Representation"
"Which is the art type of Lavada May?","true","ok"
"Which is the art type of The Court of Silence?","null","Incorrect DRS Interpretation"
"Which is the art type of Pablo Picasso?","true","ok"
"Which is the art type of Ostend?","true","ok"
"Which is the art type of Side Door?","false","Incorrect Query Ontology Representation"
"Which is the art type of Easter Dress?","false","Incorrect Query Ontology Representation"
"Which is the art type of Liturgical Cross?","true","ok"
"Which is the art type of Rosenwald Museum, Chicago?","true","ok"
"Which is the art type of The Alcantara, Toledo?","true","ok"
"Which is the art type of Melancholia?","true","ok"
"Which is the art type of Field Falls?","true","ok"
"Which is the art type of Studio Bed?","false","Incorrect Query Ontology Representation"
"Which is the art type of Beach in Normandy?","null","Incorrect DRS Interpretation"
"Which is the art type of Teddo?","true","ok"
"Which is the art type of Sixth Stone I?","true","ok"
"Which is the art type of Reclining?","false","Incorrect Query Ontology Representation"
"Which is the art type of Cast thy Anchor in Heaven?","null","Incorrect DRS Interpretation"
"Which is the art type of Boy and Girl?","null","Incorrect DRS Interpretation"
"Which is the art type of Footprint?","false","Incorrect Query Ontology Representation"
"Which is the art type of Brown Derby?","true","ok"
"Which is the art type of Portrait of Mnonja?","null","Incorrect DRS Interpretation"
"Which is the art type of At Home?","null","Incorrect Stanza Interpretation"
"Which is the art type of Three Czechs?","true","ok"
"Which is the art type of Circuit Rider?","true","ok"
"Which is the art type of Girl in a Pink Dress?","null","Incorrect DRS Interpretation"
"Which is the art type of Blue Crabs?","true","ok"
"Which is the art type of Dresser Drawer?","false","Incorrect Query Ontology Representation"
"Which is the art type of O-mata-ah-luta (Red Plume)?","null","Incorrect Stanza Interpretation"
"Which is the art type of Ornamental Hands: Figure One?","null","Incorrect Stanza Interpretation"
"Which is the art type of Nutcrackers?","false","Incorrect Query Ontology Representation"
"Which is the art type of The Perfume of Roses?","null","Incorrect DRS Interpretation"
"Which is the art type of Safad, in Galilee?","null","Incorrect DRS Interpretation"
"Which is the art type of Singing and Printing I?","null","Incorrect DRS Interpretation"
"Which is the art type of St. Stephen's Church, Vienna?","null","Incorrect Stanza Interpretation"
"Which is the art type of Arizona Night?","false","Incorrect Query Ontology Representation"
"Which is the art type of La Maison?","true","ok"
"Which is the art type of Winter Brook?","true","ok"
"Which is the art type of Sacrifice of Isaac?","null","Incorrect DRS Interpretation"
"Which is the art type of Planks Pool?","false","Incorrect Query Ontology Representation"
"Which is the art type of Niagara in Summer, from Below?","null","Incorrect DRS Interpretation"
"Which is the art type of Blueberry Eyes?","false","Incorrect Query Ontology Representation"
"Which is the art type of St. Augustine?","true","ok"
"Which is the art type of Wild Horserider?","true","ok"
"Which is the art type of Farmyard, Albi?","true","ok"
"Which is the art type of Freedom of Worship?","null","Incorrect DRS Interpretation"
"Which is the art type of Caestus?","true","ok"
"Which is the art type of The Chatelaine?","true","ok"
"Which is the art type of Charles De Coster?","true","ok"
"Which is the art type of The Sun in Sung Time?","null","Incorrect DRS Interpretation"
"Which is the art type of Fence Fabricating Machine?","false","Incorrect Query Ontology Representation"
"Which is the art type of Portrait of Isabel Bishop?","null","Incorrect DRS Interpretation"
"Which is the art type of Elevated Turn?","false","Incorrect Query Ontology Representation"
"Which is the art type of Sugar Bowl with Lid?","null","Incorrect DRS Interpretation"
"Which is the art type of Painting Frame?","false","Incorrect Query Ontology Representation"
"Which is the art type of City Hall?","true","ok"
"Which is the art type of Brown Moons?","true","ok"
"Which is the art type of From the Palatine, Rome?","null","Incorrect Stanza Interpretation"
"Which is the art type of Cyclist?","false","Incorrect Query Ontology Representation"
"Which is the art type of Pillar?","true","ok"
"Which is the art type of Peggy?","true","ok"
"Which is the art type of Centerpiece Compote?","false","Incorrect Query Ontology Representation"
"Which is the art type of Peaceful Valley?","true","ok"
"Which is the art type of Cleavage?","true","ok"
"Which is the art type of The Indian Ghost Dancer?","true","ok"
"Which is the art type of Fruit in a Bowl?","null","Incorrect DRS Interpretation"
"Which is the art type of Purbeck Quarry Men?","null","Incorrect Stanza Interpretation"
"Which is the art type of Shells, Buoys and Bottle?","null","Incorrect DRS Interpretation"
"Which is the art type of Cagnes-sur-Mer, A.M., France?","null","Incorrect Stanza Interpretation"
"Which is the art type of Peony Bouquet?","true","ok"
"Which is the art type of Blind Musician?","false","Incorrect Query Ontology Representation"
"Which is the art type of Dwight Tryon's Studio?","null","Incorrect Stanza Interpretation"
"Which is the art type of Caral, Supe Valley, Peru?","null","Incorrect DRS Interpretation"
"Which is the art type of Reclining Nude, Female?","true","ok"
"Which is the art type of For the Pleasure of Fashion?","null","Incorrect Stanza Interpretation"
"Which is the art type of The Struggle?","false","Incorrect Query Ontology Representation"
"Which is the art type of Evening Fairy Tale?","null","Incorrect Stanza Interpretation"
"Which is the art type of Bull?","true","ok"
"Which is the art type of Old Street?","true","ok"
"Which is the art type of A Johnny Came Lately?","null","Incorrect DRS Interpretation"
"Which is the art type of Self-Portrait with Red Scarf?","null","Incorrect Stanza Interpretation"
"Which is the art type of Extension Ladder?","false","Incorrect Query Ontology Representation"
"Which is the art type of Josh White?","true","ok"
"Which is the art type of Legato?","true","ok"
"Which is the art type of Area Broken by Perpendiculars?","false","Incorrect Query Ontology Representation"
"Which is the art type of Female Nude, Back View?","null","Incorrect DRS Interpretation"
"Which is the art type of Farm Interior?","true","ok"
"Which is the art type of Supplies for Suburbia?","null","Incorrect DRS Interpretation"
"Which is the art type of Backs Fronts Windows?","false","Incorrect Query Ontology Representation"
"Which is the art type of Gathering of black men?","null","Incorrect DRS Interpretation"
"Which is the art type of Night Magic (Blue Jester)?","null","Incorrect DRS Interpretation"
"Which is the art type of Lady with Blue Hair Ribbon?","null","Incorrect DRS Interpretation"
"Which is the art type of Four Guedras, Morocco?","true","ok"
"Which is the art type of LYAM 3D?","false","Incorrect Query Ontology Representation"
"Which is the art type of Potsdam Meeting?","false","Incorrect Query Ontology Representation"
"Which is the art type of Centaur and Warrior?","null","Incorrect DRS Interpretation"
"Which is the art type of Maquette for Nalia?","null","Incorrect DRS Interpretation"
"Which is the art type of Will o' the Wisp?","null","Incorrect DRS Interpretation"
"Which is the art type of Couple Dancing, New York?","null","Incorrect DRS Interpretation"
"Which is the art type of The Edge of the Land?","null","Incorrect DRS Interpretation"
"Which is the art type of The Old Warehouse, Sitka?","true","ok"
"Which is the art type of American Panther and Cubs?","null","Incorrect DRS Interpretation"
"Which is the art type of Wall of Light Red Grey?","null","Incorrect Stanza Interpretation"
"Which is the art type of Siegfried Kills Fafner?","null","Incorrect Stanza Interpretation"
"Which is the art type of Le Relais l'Empereur?","null","Incorrect Stanza Interpretation"
"Which is the art type of Triple Double?","false","Incorrect Query Ontology Representation"
"Which is the art type of Old Mesilla Plaza?","true","ok"
"Which is the art type of Into the Magic?","null","Incorrect Stanza Interpretation"
"Which is the art type of At Market?","null","Incorrect Stanza Interpretation"
"Which is the art type of The Lorelei?","true","ok"
"Which is the art type of Prince Albert?","true","ok"
"Which is the art type of Aerodynamics?","true","ok"
"Which is the art type of Pediocaetes Columbianus?","true","ok"
"Which is the art type of Mrs. James Greenleaf?","true","ok"
"Which is the art type of Corner of House--Malta?","null","Incorrect DRS Interpretation"
"Which is the art type of Mrs. George Watson?","true","ok"
"Which is the art type of Benjamin Rush Spencer?","true","ok"
"Which is the art type of Mountain Climber?","true","ok"
"Which is the art type of Going to School?","null","Incorrect DRS Interpretation"
"Which is the art type of Jane Stone?","true","ok"
"Which is the art type of Burro Train?","false","Incorrect Query Ontology Representation"
"Which is the art type of Hexatryst?","true","ok"
"Which is the art type of Seiners, Chioggia?","true","ok"
"Which is the art type of L' Auberge a Rome?","null","Incorrect DRS Interpretation"
"Which is the art type of Dancing Male Figure?","true","ok"
"Which is the art type of Maquette for Ripples?","null","Incorrect DRS Interpretation"
"Which is the art type of Execution?","false","Incorrect Query Ontology Representation"
"Which is the art type of Drake Mallard?","true","ok"
"Which is the art type of Love (study for)?","null","Incorrect DRS Interpretation"
"Which is the art type of Samurai?","true","ok"
"Which is the art type of Port du Bec, Vendee?","null","Incorrect Stanza Interpretation"
"Which is the art type of Landscape H?","false","Incorrect Query Ontology Representation"
"Which is the art type of To Reap Man Must Sow?","null","ok"
"Which is the art type of Coast at Monterey, California?","null","Incorrect DRS Interpretation"
"Which is the art type of Brittany Bonnet?","true","ok"
"Which is the art type of A Tribute to Julius Forstmann?","null","Incorrect DRS Interpretation"
"Which is the art type of Parkville, Main Street?","null","Incorrect DRS Interpretation"
"Which is the art type of Round Bottom?","false","Incorrect Query Ontology Representation"
"Which is the art type of Ointment Jar?","false","Incorrect Query Ontology Representation"
"Which is the art type of Natalie with Violin?","null","Incorrect DRS Interpretation"
"Which is the art type of New York Window?","null","Incorrect Stanza Interpretation"
"Which is the art type of Encompassed in Purple?","null","Incorrect Stanza Interpretation"
"Which is the art type of Abstract Still Life?","null","Incorrect Stanza Interpretation"
"Which is the art type of Joe or The Miner's Son?","null","Incorrect DRS Interpretation"
"Which is the art type of Seashore?","true","ok"